Video_Name,Frame_Number,Compute_Per_Frame,Corner_MSE_Error,Is_Prediction_Frame
20231117_140723_990_EO.mov,0,5,4.84918
20231117_140723_990_EO.mov,5,5,9.13965
20231117_140723_990_EO.mov,10,5,2.34703
20231117_140723_990_EO.mov,15,5,2.81764
20231117_140723_990_EO.mov,20,5,9.38524
20231117_140723_990_EO.mov,25,5,13.9415
20231117_140723_990_EO.mov,30,5,11.7843
20231117_140723_990_EO.mov,35,5,8.27247
20231117_140723_990_EO.mov,40,5,4.08447
20231117_140723_990_EO.mov,45,5,4.19158
20231117_140723_990_EO.mov,50,5,3.22559
20231117_140723_990_EO.mov,55,5,4.58779
20231117_140723_990_EO.mov,60,5,1.09084
20231117_140723_990_EO.mov,65,5,7.39674
20231117_140723_990_EO.mov,70,5,4.02733
20231117_140723_990_EO.mov,75,5,3.07786
20231117_140723_990_EO.mov,80,5,2.39524
20231117_140723_990_EO.mov,85,5,1.91279
20231117_140723_990_EO.mov,90,5,3.00008
20231117_140723_990_EO.mov,95,5,2.99048
20231117_140723_990_EO.mov,100,5,6.2905
20231117_140723_990_EO.mov,105,5,2.86775
20231117_140723_990_EO.mov,110,5,11.3997
20231117_140723_990_EO.mov,115,5,2.00228
20231117_140723_990_EO.mov,120,5,1.1311
20231117_140723_990_EO.mov,125,5,2.27697
20231117_140723_990_EO.mov,130,5,1.51296
20231117_140723_990_EO.mov,135,5,4.50741
20231117_140723_990_EO.mov,140,5,4.11656
20231117_140723_990_EO.mov,145,5,4.05718
20231117_140723_990_EO.mov,150,5,15.4695
20231117_140723_990_EO.mov,155,5,0.741633
20231117_140723_990_EO.mov,160,5,3.45301
20231117_140723_990_EO.mov,165,5,0.285927
20231117_140723_990_EO.mov,170,5,1.85851
20231117_140723_990_EO.mov,175,5,18.0584
20231117_140723_990_EO.mov,180,5,2.88951
20231117_140723_990_EO.mov,185,5,1.67465
20231117_140723_990_EO.mov,190,5,4.81092
20231117_140723_990_EO.mov,195,5,5.55794
20231117_140723_990_EO.mov,200,5,6.52161
20231117_140723_990_EO.mov,205,5,13.2122
20231117_140723_990_EO.mov,210,5,12.7804
20231117_140723_990_EO.mov,215,5,1.54354
20231117_140723_990_EO.mov,220,5,2.42033
20231117_140723_990_EO.mov,225,5,2.64321
20231117_140723_990_EO.mov,230,5,6.44935
20231117_140723_990_EO.mov,235,5,5.22427
20231117_140723_990_EO.mov,240,5,8.91961
20231117_140723_990_EO.mov,245,5,8.44705
20231117_140723_990_EO.mov,250,5,12.3387
20231117_140723_990_EO.mov,255,5,6.08819
20231117_140723_990_EO.mov,260,5,9.15349
20231117_140723_990_EO.mov,265,5,6.77209
20231117_140723_990_EO.mov,270,5,4.5374
20231117_140723_990_EO.mov,275,5,2.67756
20231117_140723_990_EO.mov,280,5,8.30237
20231117_140723_990_EO.mov,285,5,5.76419
20231117_140723_990_EO.mov,290,5,6.47395
20231117_140723_990_EO.mov,295,5,1.91306
20231117_140723_990_EO.mov,300,5,4.53479
20231117_140723_990_EO.mov,305,5,2.24522
20231117_140723_990_EO.mov,310,5,7.83864
20231117_140723_990_EO.mov,315,5,3.75866
20231117_140723_990_EO.mov,320,5,1.97191
20231117_140723_990_EO.mov,325,5,4.34807
20231117_140723_990_EO.mov,330,5,1.65343
20231117_140723_990_EO.mov,335,5,2.05989
20231117_140723_990_EO.mov,340,5,1.32307
20231117_140723_990_EO.mov,345,5,3.79746
20231117_140723_990_EO.mov,350,5,2.1113
20231117_140723_990_EO.mov,355,5,1.91899
20231117_140723_990_EO.mov,360,5,3.28231
20231117_140723_990_EO.mov,365,5,5.80601
20231117_140723_990_EO.mov,370,5,1.57962
20231117_140723_990_EO.mov,375,5,3.62126
20231117_140723_990_EO.mov,380,5,3.59858
20231117_140723_990_EO.mov,385,5,1.47068
20231117_140723_990_EO.mov,390,5,1.86599
20231117_140723_990_EO.mov,395,5,4.74984
20231117_140723_990_EO.mov,400,5,5.79019
20231117_140723_990_EO.mov,405,5,1.68249
20231117_140723_990_EO.mov,410,5,6.43347
20231117_140723_990_EO.mov,415,5,2.32169
20231117_140723_990_EO.mov,420,5,4.26181
20231117_140723_990_EO.mov,425,5,3.11391
20231117_140723_990_EO.mov,430,5,5.62512
20231117_140723_990_EO.mov,435,5,1.19052
20231117_140723_990_EO.mov,440,5,5.99219

20231117_140723_990_EO.mov,0,10,4.84918
20231117_140723_990_EO.mov,5,10,9.10115
20231117_140723_990_EO.mov,10,10,2.48103
20231117_140723_990_EO.mov,15,10,4.07584
20231117_140723_990_EO.mov,20,10,10.3321
20231117_140723_990_EO.mov,25,10,14.9001
20231117_140723_990_EO.mov,30,10,13.3774
20231117_140723_990_EO.mov,35,10,10.9341
20231117_140723_990_EO.mov,40,10,4.76091
20231117_140723_990_EO.mov,45,10,5.12994
20231117_140723_990_EO.mov,50,10,4.69255
20231117_140723_990_EO.mov,55,10,6.33203
20231117_140723_990_EO.mov,60,10,1.85658
20231117_140723_990_EO.mov,65,10,7.13203
20231117_140723_990_EO.mov,70,10,4.85689
20231117_140723_990_EO.mov,75,10,3.07094
20231117_140723_990_EO.mov,80,10,4.20232
20231117_140723_990_EO.mov,85,10,0.835759
20231117_140723_990_EO.mov,90,10,3.31637
20231117_140723_990_EO.mov,95,10,2.1883
20231117_140723_990_EO.mov,100,10,6.28593
20231117_140723_990_EO.mov,105,10,2.89917
20231117_140723_990_EO.mov,110,10,9.33787
20231117_140723_990_EO.mov,115,10,3.31881
20231117_140723_990_EO.mov,120,10,1.07789
20231117_140723_990_EO.mov,125,10,1.97247
20231117_140723_990_EO.mov,130,10,1.74204
20231117_140723_990_EO.mov,135,10,3.9053
20231117_140723_990_EO.mov,140,10,4.91991
20231117_140723_990_EO.mov,145,10,4.18678
20231117_140723_990_EO.mov,150,10,17.3052
20231117_140723_990_EO.mov,155,10,1.095
20231117_140723_990_EO.mov,160,10,5.39365
20231117_140723_990_EO.mov,165,10,0.691236
20231117_140723_990_EO.mov,170,10,2.00653
20231117_140723_990_EO.mov,175,10,17.8255
20231117_140723_990_EO.mov,180,10,3.86613
20231117_140723_990_EO.mov,185,10,1.75548
20231117_140723_990_EO.mov,190,10,5.04088
20231117_140723_990_EO.mov,195,10,6.50804
20231117_140723_990_EO.mov,200,10,7.65282
20231117_140723_990_EO.mov,205,10,16.1102
20231117_140723_990_EO.mov,210,10,13.6997
20231117_140723_990_EO.mov,215,10,1.68849
20231117_140723_990_EO.mov,220,10,3.31357
20231117_140723_990_EO.mov,225,10,3.21704
20231117_140723_990_EO.mov,230,10,5.00377
20231117_140723_990_EO.mov,235,10,8.00842
20231117_140723_990_EO.mov,240,10,10.1303
20231117_140723_990_EO.mov,245,10,9.5358
20231117_140723_990_EO.mov,250,10,17.4084
20231117_140723_990_EO.mov,255,10,5.18102
20231117_140723_990_EO.mov,260,10,12.1834
20231117_140723_990_EO.mov,265,10,7.84497
20231117_140723_990_EO.mov,270,10,4.62322
20231117_140723_990_EO.mov,275,10,4.47017
20231117_140723_990_EO.mov,280,10,12.5815
20231117_140723_990_EO.mov,285,10,9.33514
20231117_140723_990_EO.mov,290,10,7.92265
20231117_140723_990_EO.mov,295,10,1.80763
20231117_140723_990_EO.mov,300,10,6.15359
20231117_140723_990_EO.mov,305,10,1.19858
20231117_140723_990_EO.mov,310,10,8.87063
20231117_140723_990_EO.mov,315,10,2.62985
20231117_140723_990_EO.mov,320,10,1.46963
20231117_140723_990_EO.mov,325,10,5.72557
20231117_140723_990_EO.mov,330,10,1.61242
20231117_140723_990_EO.mov,335,10,2.01123
20231117_140723_990_EO.mov,340,10,1.89107
20231117_140723_990_EO.mov,345,10,2.96887
20231117_140723_990_EO.mov,350,10,1.97481
20231117_140723_990_EO.mov,355,10,1.90974
20231117_140723_990_EO.mov,360,10,3.34132
20231117_140723_990_EO.mov,365,10,5.4382
20231117_140723_990_EO.mov,370,10,1.27501
20231117_140723_990_EO.mov,375,10,2.82052
20231117_140723_990_EO.mov,380,10,3.24366
20231117_140723_990_EO.mov,385,10,1.10058
20231117_140723_990_EO.mov,390,10,1.3412
20231117_140723_990_EO.mov,395,10,4.69289
20231117_140723_990_EO.mov,400,10,5.50236
20231117_140723_990_EO.mov,405,10,2.33738
20231117_140723_990_EO.mov,410,10,7.12871
20231117_140723_990_EO.mov,415,10,2.18467
20231117_140723_990_EO.mov,420,10,4.58347
20231117_140723_990_EO.mov,425,10,2.64423
20231117_140723_990_EO.mov,430,10,4.41164
20231117_140723_990_EO.mov,435,10,1.22959
20231117_140723_990_EO.mov,440,10,6.53795

20231117_140723_990_EO.mov,0,15,4.84918
20231117_140723_990_EO.mov,5,15,9.10115
20231117_140723_990_EO.mov,10,15,2.55122
20231117_140723_990_EO.mov,15,15,3.13756
20231117_140723_990_EO.mov,20,15,7.62948
20231117_140723_990_EO.mov,25,15,10.9518
20231117_140723_990_EO.mov,30,15,13.3416
20231117_140723_990_EO.mov,35,15,11.4285
20231117_140723_990_EO.mov,40,15,4.45419
20231117_140723_990_EO.mov,45,15,6.35503
20231117_140723_990_EO.mov,50,15,5.46334
20231117_140723_990_EO.mov,55,15,7.14009
20231117_140723_990_EO.mov,60,15,2.33477
20231117_140723_990_EO.mov,65,15,6.9666
20231117_140723_990_EO.mov,70,15,5.87119
20231117_140723_990_EO.mov,75,15,3.74453
20231117_140723_990_EO.mov,80,15,4.24908
20231117_140723_990_EO.mov,85,15,1.1331
20231117_140723_990_EO.mov,90,15,3.51968
20231117_140723_990_EO.mov,95,15,2.23302
20231117_140723_990_EO.mov,100,15,5.72308
20231117_140723_990_EO.mov,105,15,3.30634
20231117_140723_990_EO.mov,110,15,7.52611
20231117_140723_990_EO.mov,115,15,4.54785
20231117_140723_990_EO.mov,120,15,1.65687
20231117_140723_990_EO.mov,125,15,2.15743
20231117_140723_990_EO.mov,130,15,2.49343
20231117_140723_990_EO.mov,135,15,4.1277
20231117_140723_990_EO.mov,140,15,4.76595
20231117_140723_990_EO.mov,145,15,4.67182
20231117_140723_990_EO.mov,150,15,19.1722
20231117_140723_990_EO.mov,155,15,1.81921
20231117_140723_990_EO.mov,160,15,7.27299
20231117_140723_990_EO.mov,165,15,1.20176
20231117_140723_990_EO.mov,170,15,2.2892
20231117_140723_990_EO.mov,175,15,24.9122
20231117_140723_990_EO.mov,180,15,5.61733
20231117_140723_990_EO.mov,185,15,2.3578
20231117_140723_990_EO.mov,190,15,5.39698
20231117_140723_990_EO.mov,195,15,8.75098
20231117_140723_990_EO.mov,200,15,6.92405
20231117_140723_990_EO.mov,205,15,18.2002
20231117_140723_990_EO.mov,210,15,15.0198
20231117_140723_990_EO.mov,215,15,2.56093
20231117_140723_990_EO.mov,220,15,4.57547
20231117_140723_990_EO.mov,225,15,4.63575
20231117_140723_990_EO.mov,230,15,3.55044
20231117_140723_990_EO.mov,235,15,13.6372
20231117_140723_990_EO.mov,240,15,11.7292
20231117_140723_990_EO.mov,245,15,11.3356
20231117_140723_990_EO.mov,250,15,12.6235
20231117_140723_990_EO.mov,255,15,8.0025
20231117_140723_990_EO.mov,260,15,10.6374
20231117_140723_990_EO.mov,265,15,10.9776
20231117_140723_990_EO.mov,270,15,5.11315
20231117_140723_990_EO.mov,275,15,4.44083
20231117_140723_990_EO.mov,280,15,10.1969
20231117_140723_990_EO.mov,285,15,10.6723
20231117_140723_990_EO.mov,290,15,6.79961
20231117_140723_990_EO.mov,295,15,2.79205
20231117_140723_990_EO.mov,300,15,6.11043
20231117_140723_990_EO.mov,305,15,1.99411
20231117_140723_990_EO.mov,310,15,7.72592
20231117_140723_990_EO.mov,315,15,2.43844
20231117_140723_990_EO.mov,320,15,2.99008
20231117_140723_990_EO.mov,325,15,5.14779
20231117_140723_990_EO.mov,330,15,2.05423
20231117_140723_990_EO.mov,335,15,3.01733
20231117_140723_990_EO.mov,340,15,3.0573
20231117_140723_990_EO.mov,345,15,3.50599
20231117_140723_990_EO.mov,350,15,1.21807
20231117_140723_990_EO.mov,355,15,3.15613
20231117_140723_990_EO.mov,360,15,3.33339
20231117_140723_990_EO.mov,365,15,5.47256
20231117_140723_990_EO.mov,370,15,2.53861
20231117_140723_990_EO.mov,375,15,3.76809
20231117_140723_990_EO.mov,380,15,2.6474
20231117_140723_990_EO.mov,385,15,1.97409
20231117_140723_990_EO.mov,390,15,1.90834
20231117_140723_990_EO.mov,395,15,4.44943
20231117_140723_990_EO.mov,400,15,4.05705
20231117_140723_990_EO.mov,405,15,2.3895
20231117_140723_990_EO.mov,410,15,7.93982
20231117_140723_990_EO.mov,415,15,2.86958
20231117_140723_990_EO.mov,420,15,4.58303
20231117_140723_990_EO.mov,425,15,2.82834
20231117_140723_990_EO.mov,430,15,3.93997
20231117_140723_990_EO.mov,435,15,1.62011
20231117_140723_990_EO.mov,440,15,6.1807

20231117_140723_990_EO.mov,0,20,4.84918
20231117_140723_990_EO.mov,5,20,9.10115
20231117_140723_990_EO.mov,10,20,2.55122
20231117_140723_990_EO.mov,15,20,2.78207
20231117_140723_990_EO.mov,20,20,10.546
20231117_140723_990_EO.mov,25,20,15.1127
20231117_140723_990_EO.mov,30,20,13.3273
20231117_140723_990_EO.mov,35,20,11.9585
20231117_140723_990_EO.mov,40,20,5.52888
20231117_140723_990_EO.mov,45,20,6.19128
20231117_140723_990_EO.mov,50,20,5.70352
20231117_140723_990_EO.mov,55,20,7.29578
20231117_140723_990_EO.mov,60,20,2.62607
20231117_140723_990_EO.mov,65,20,6.56229
20231117_140723_990_EO.mov,70,20,6.19047
20231117_140723_990_EO.mov,75,20,4.3262
20231117_140723_990_EO.mov,80,20,5.59229
20231117_140723_990_EO.mov,85,20,0.894883
20231117_140723_990_EO.mov,90,20,2.69085
20231117_140723_990_EO.mov,95,20,3.21511
20231117_140723_990_EO.mov,100,20,6.45933
20231117_140723_990_EO.mov,105,20,3.55813
20231117_140723_990_EO.mov,110,20,8.2154
20231117_140723_990_EO.mov,115,20,5.85115
20231117_140723_990_EO.mov,120,20,1.68252
20231117_140723_990_EO.mov,125,20,2.1527
20231117_140723_990_EO.mov,130,20,2.64046
20231117_140723_990_EO.mov,135,20,4.12657
20231117_140723_990_EO.mov,140,20,5.88572
20231117_140723_990_EO.mov,145,20,4.68196
20231117_140723_990_EO.mov,150,20,13.6345
20231117_140723_990_EO.mov,155,20,1.82846
20231117_140723_990_EO.mov,160,20,7.33466
20231117_140723_990_EO.mov,165,20,1.74904
20231117_140723_990_EO.mov,170,20,2.44558
20231117_140723_990_EO.mov,175,20,18.0915
20231117_140723_990_EO.mov,180,20,6.22981
20231117_140723_990_EO.mov,185,20,2.83936
20231117_140723_990_EO.mov,190,20,5.64261
20231117_140723_990_EO.mov,195,20,9.60245
20231117_140723_990_EO.mov,200,20,9.25532
20231117_140723_990_EO.mov,205,20,17.8507
20231117_140723_990_EO.mov,210,20,16.217
20231117_140723_990_EO.mov,215,20,4.57762
20231117_140723_990_EO.mov,220,20,4.89786
20231117_140723_990_EO.mov,225,20,5.06827
20231117_140723_990_EO.mov,230,20,3.3005
20231117_140723_990_EO.mov,235,20,11.7471
20231117_140723_990_EO.mov,240,20,12.2374
20231117_140723_990_EO.mov,245,20,11.7319
20231117_140723_990_EO.mov,250,20,13.1763
20231117_140723_990_EO.mov,255,20,8.90703
20231117_140723_990_EO.mov,260,20,13.9103
20231117_140723_990_EO.mov,265,20,9.21493
20231117_140723_990_EO.mov,270,20,6.75181
20231117_140723_990_EO.mov,275,20,5.62005
20231117_140723_990_EO.mov,280,20,15.8342
20231117_140723_990_EO.mov,285,20,12.0081
20231117_140723_990_EO.mov,290,20,6.64188
20231117_140723_990_EO.mov,295,20,2.69037
20231117_140723_990_EO.mov,300,20,7.52931
20231117_140723_990_EO.mov,305,20,2.12418
20231117_140723_990_EO.mov,310,20,9.43623
20231117_140723_990_EO.mov,315,20,2.54421
20231117_140723_990_EO.mov,320,20,2.31535
20231117_140723_990_EO.mov,325,20,7.46711
20231117_140723_990_EO.mov,330,20,3.11095
20231117_140723_990_EO.mov,335,20,3.05838
20231117_140723_990_EO.mov,340,20,3.79122
20231117_140723_990_EO.mov,345,20,3.45932
20231117_140723_990_EO.mov,350,20,1.74755
20231117_140723_990_EO.mov,355,20,4.61722
20231117_140723_990_EO.mov,360,20,3.6556
20231117_140723_990_EO.mov,365,20,5.85527
20231117_140723_990_EO.mov,370,20,2.85828
20231117_140723_990_EO.mov,375,20,3.59297
20231117_140723_990_EO.mov,380,20,3.34257
20231117_140723_990_EO.mov,385,20,1.45243
20231117_140723_990_EO.mov,390,20,1.9322
20231117_140723_990_EO.mov,395,20,5.46578
20231117_140723_990_EO.mov,400,20,5.37228
20231117_140723_990_EO.mov,405,20,2.74246
20231117_140723_990_EO.mov,410,20,7.74551
20231117_140723_990_EO.mov,415,20,3.08961
20231117_140723_990_EO.mov,420,20,4.58563
20231117_140723_990_EO.mov,425,20,2.32654
20231117_140723_990_EO.mov,430,20,3.82657
20231117_140723_990_EO.mov,435,20,1.57591
20231117_140723_990_EO.mov,440,20,7.22245

20231117_140723_990_EO.mov,0,25,4.84918
20231117_140723_990_EO.mov,5,25,9.10115
20231117_140723_990_EO.mov,10,25,2.55122
20231117_140723_990_EO.mov,15,25,2.78207
20231117_140723_990_EO.mov,20,25,7.05728
20231117_140723_990_EO.mov,25,25,16.677
20231117_140723_990_EO.mov,30,25,16.9877
20231117_140723_990_EO.mov,35,25,13.2373
20231117_140723_990_EO.mov,40,25,6.97565
20231117_140723_990_EO.mov,45,25,9.15791
20231117_140723_990_EO.mov,50,25,6.12891
20231117_140723_990_EO.mov,55,25,8.10229
20231117_140723_990_EO.mov,60,25,3.29926
20231117_140723_990_EO.mov,65,25,7.02046
20231117_140723_990_EO.mov,70,25,6.16097
20231117_140723_990_EO.mov,75,25,4.99382
20231117_140723_990_EO.mov,80,25,5.32692
20231117_140723_990_EO.mov,85,25,1.17867
20231117_140723_990_EO.mov,90,25,3.79113
20231117_140723_990_EO.mov,95,25,2.66268
20231117_140723_990_EO.mov,100,25,6.15399
20231117_140723_990_EO.mov,105,25,3.90927
20231117_140723_990_EO.mov,110,25,8.69058
20231117_140723_990_EO.mov,115,25,6.98779
20231117_140723_990_EO.mov,120,25,2.7912
20231117_140723_990_EO.mov,125,25,2.501
20231117_140723_990_EO.mov,130,25,2.88998
20231117_140723_990_EO.mov,135,25,4.54128
20231117_140723_990_EO.mov,140,25,6.50476
20231117_140723_990_EO.mov,145,25,4.08545
20231117_140723_990_EO.mov,150,25,21.8131
20231117_140723_990_EO.mov,155,25,3.01765
20231117_140723_990_EO.mov,160,25,9.40498
20231117_140723_990_EO.mov,165,25,3.02356
20231117_140723_990_EO.mov,170,25,3.86718
20231117_140723_990_EO.mov,175,25,24.572
20231117_140723_990_EO.mov,180,25,7.94276
20231117_140723_990_EO.mov,185,25,3.60819
20231117_140723_990_EO.mov,190,25,6.57387
20231117_140723_990_EO.mov,195,25,11.8261
20231117_140723_990_EO.mov,200,25,10.7067
20231117_140723_990_EO.mov,205,25,19.5418
20231117_140723_990_EO.mov,210,25,17.8322
20231117_140723_990_EO.mov,215,25,5.48649
20231117_140723_990_EO.mov,220,25,6.35021
20231117_140723_990_EO.mov,225,25,5.95983
20231117_140723_990_EO.mov,230,25,2.82419
20231117_140723_990_EO.mov,235,25,15.7931
20231117_140723_990_EO.mov,240,25,16.4211
20231117_140723_990_EO.mov,245,25,13.0309
20231117_140723_990_EO.mov,250,25,21.3162
20231117_140723_990_EO.mov,255,25,6.82964
20231117_140723_990_EO.mov,260,25,13.4188
20231117_140723_990_EO.mov,265,25,9.3113
20231117_140723_990_EO.mov,270,25,5.46821
20231117_140723_990_EO.mov,275,25,5.68098
20231117_140723_990_EO.mov,280,25,12.9523
20231117_140723_990_EO.mov,285,25,9.64172
20231117_140723_990_EO.mov,290,25,5.91066
20231117_140723_990_EO.mov,295,25,3.38359
20231117_140723_990_EO.mov,300,25,7.73887
20231117_140723_990_EO.mov,305,25,2.40395
20231117_140723_990_EO.mov,310,25,9.41705
20231117_140723_990_EO.mov,315,25,2.55812
20231117_140723_990_EO.mov,320,25,2.44023
20231117_140723_990_EO.mov,325,25,6.8179
20231117_140723_990_EO.mov,330,25,2.9242
20231117_140723_990_EO.mov,335,25,3.45685
20231117_140723_990_EO.mov,340,25,3.9947
20231117_140723_990_EO.mov,345,25,3.76338
20231117_140723_990_EO.mov,350,25,1.74887
20231117_140723_990_EO.mov,355,25,3.17354
20231117_140723_990_EO.mov,360,25,3.8696
20231117_140723_990_EO.mov,365,25,6.12167
20231117_140723_990_EO.mov,370,25,3.29348
20231117_140723_990_EO.mov,375,25,3.35875
20231117_140723_990_EO.mov,380,25,2.53069
20231117_140723_990_EO.mov,385,25,2.02062
20231117_140723_990_EO.mov,390,25,2.55124
20231117_140723_990_EO.mov,395,25,6.48602
20231117_140723_990_EO.mov,400,25,5.81583
20231117_140723_990_EO.mov,405,25,3.04931
20231117_140723_990_EO.mov,410,25,8.20231
20231117_140723_990_EO.mov,415,25,3.15229
20231117_140723_990_EO.mov,420,25,5.14748
20231117_140723_990_EO.mov,425,25,2.36571
20231117_140723_990_EO.mov,430,25,4.04854
20231117_140723_990_EO.mov,435,25,1.72053
20231117_140723_990_EO.mov,440,25,6.90962

20231117_140723_990_EO.mov,0,30,4.84918
20231117_140723_990_EO.mov,5,30,9.10115
20231117_140723_990_EO.mov,10,30,2.55122
20231117_140723_990_EO.mov,15,30,2.78207
20231117_140723_990_EO.mov,20,30,7.05728
20231117_140723_990_EO.mov,25,30,10.3671
20231117_140723_990_EO.mov,30,30,14.494
20231117_140723_990_EO.mov,35,30,12.2124
20231117_140723_990_EO.mov,40,30,5.01443
20231117_140723_990_EO.mov,45,30,6.9416
20231117_140723_990_EO.mov,50,30,6.34171
20231117_140723_990_EO.mov,55,30,8.78792
20231117_140723_990_EO.mov,60,30,2.95894
20231117_140723_990_EO.mov,65,30,6.67608
20231117_140723_990_EO.mov,70,30,6.53722
20231117_140723_990_EO.mov,75,30,4.82167
20231117_140723_990_EO.mov,80,30,6.95548
20231117_140723_990_EO.mov,85,30,1.01508
20231117_140723_990_EO.mov,90,30,4.35397
20231117_140723_990_EO.mov,95,30,1.85135
20231117_140723_990_EO.mov,100,30,5.68802
20231117_140723_990_EO.mov,105,30,3.27184
20231117_140723_990_EO.mov,110,30,3.82924
20231117_140723_990_EO.mov,115,30,5.50227
20231117_140723_990_EO.mov,120,30,2.34072
20231117_140723_990_EO.mov,125,30,2.77154
20231117_140723_990_EO.mov,130,30,3.61576
20231117_140723_990_EO.mov,135,30,4.5987
20231117_140723_990_EO.mov,140,30,8.0901
20231117_140723_990_EO.mov,145,30,5.23801
20231117_140723_990_EO.mov,150,30,22.4569
20231117_140723_990_EO.mov,155,30,3.74493
20231117_140723_990_EO.mov,160,30,10.9069
20231117_140723_990_EO.mov,165,30,4.01504
20231117_140723_990_EO.mov,170,30,4.66069
20231117_140723_990_EO.mov,175,30,37.0601
20231117_140723_990_EO.mov,180,30,8.38689
20231117_140723_990_EO.mov,185,30,3.90092
20231117_140723_990_EO.mov,190,30,6.66499
20231117_140723_990_EO.mov,195,30,12.2177
20231117_140723_990_EO.mov,200,30,10.0004
20231117_140723_990_EO.mov,205,30,18.4933
20231117_140723_990_EO.mov,210,30,16.136
20231117_140723_990_EO.mov,215,30,4.53202
20231117_140723_990_EO.mov,220,30,6.40829
20231117_140723_990_EO.mov,225,30,6.87656
20231117_140723_990_EO.mov,230,30,2.40595
20231117_140723_990_EO.mov,235,30,12.725
20231117_140723_990_EO.mov,240,30,13.664
20231117_140723_990_EO.mov,245,30,13.4758
20231117_140723_990_EO.mov,250,30,13.4713
20231117_140723_990_EO.mov,255,30,9.98963
20231117_140723_990_EO.mov,260,30,11.8274
20231117_140723_990_EO.mov,265,30,11.5062
20231117_140723_990_EO.mov,270,30,6.31869
20231117_140723_990_EO.mov,275,30,6.02351
20231117_140723_990_EO.mov,280,30,13.3878
20231117_140723_990_EO.mov,285,30,9.98159
20231117_140723_990_EO.mov,290,30,5.02215
20231117_140723_990_EO.mov,295,30,4.85242
20231117_140723_990_EO.mov,300,30,7.54052
20231117_140723_990_EO.mov,305,30,3.08746
20231117_140723_990_EO.mov,310,30,8.64398
20231117_140723_990_EO.mov,315,30,2.83919
20231117_140723_990_EO.mov,320,30,2.99616
20231117_140723_990_EO.mov,325,30,4.85352
20231117_140723_990_EO.mov,330,30,3.36185
20231117_140723_990_EO.mov,335,30,4.98625
20231117_140723_990_EO.mov,340,30,5.59734
20231117_140723_990_EO.mov,345,30,6.60051
20231117_140723_990_EO.mov,350,30,1.79035
20231117_140723_990_EO.mov,355,30,6.56849
20231117_140723_990_EO.mov,360,30,4.17444
20231117_140723_990_EO.mov,365,30,6.05833
20231117_140723_990_EO.mov,370,30,3.70749
20231117_140723_990_EO.mov,375,30,5.21836
20231117_140723_990_EO.mov,380,30,4.7444
20231117_140723_990_EO.mov,385,30,3.05079
20231117_140723_990_EO.mov,390,30,2.34845
20231117_140723_990_EO.mov,395,30,5.35752
20231117_140723_990_EO.mov,400,30,4.83091
20231117_140723_990_EO.mov,405,30,3.51295
20231117_140723_990_EO.mov,410,30,9.08486
20231117_140723_990_EO.mov,415,30,2.44992
20231117_140723_990_EO.mov,420,30,4.73093
20231117_140723_990_EO.mov,425,30,2.48208
20231117_140723_990_EO.mov,430,30,4.18581
20231117_140723_990_EO.mov,435,30,2.2574
20231117_140723_990_EO.mov,440,30,7.34964

20231117_140723_990_EO.mov,0,35,4.84918
20231117_140723_990_EO.mov,5,35,9.10115
20231117_140723_990_EO.mov,10,35,2.55122
20231117_140723_990_EO.mov,15,35,2.78207
20231117_140723_990_EO.mov,20,35,7.05728
20231117_140723_990_EO.mov,25,35,10.3671
20231117_140723_990_EO.mov,30,35,12.4988
20231117_140723_990_EO.mov,35,35,12.3531
20231117_140723_990_EO.mov,40,35,6.97281
20231117_140723_990_EO.mov,45,35,8.67825
20231117_140723_990_EO.mov,50,35,7.20749
20231117_140723_990_EO.mov,55,35,9.72703
20231117_140723_990_EO.mov,60,35,4.15109
20231117_140723_990_EO.mov,65,35,8.39816
20231117_140723_990_EO.mov,70,35,5.96541
20231117_140723_990_EO.mov,75,35,4.15104
20231117_140723_990_EO.mov,80,35,5.47045
20231117_140723_990_EO.mov,85,35,0.891711
20231117_140723_990_EO.mov,90,35,3.1993
20231117_140723_990_EO.mov,95,35,2.15434
20231117_140723_990_EO.mov,100,35,6.31636
20231117_140723_990_EO.mov,105,35,3.94132
20231117_140723_990_EO.mov,110,35,7.22309
20231117_140723_990_EO.mov,115,35,6.35426
20231117_140723_990_EO.mov,120,35,2.49869
20231117_140723_990_EO.mov,125,35,3.00699
20231117_140723_990_EO.mov,130,35,3.71052
20231117_140723_990_EO.mov,135,35,5.03335
20231117_140723_990_EO.mov,140,35,7.10325
20231117_140723_990_EO.mov,145,35,5.53266
20231117_140723_990_EO.mov,150,35,15.1489
20231117_140723_990_EO.mov,155,35,2.68022
20231117_140723_990_EO.mov,160,35,8.34963
20231117_140723_990_EO.mov,165,35,2.69716
20231117_140723_990_EO.mov,170,35,3.38152
20231117_140723_990_EO.mov,175,35,26.7024
20231117_140723_990_EO.mov,180,35,9.02587
20231117_140723_990_EO.mov,185,35,4.49719
20231117_140723_990_EO.mov,190,35,6.82199
20231117_140723_990_EO.mov,195,35,12.5579
20231117_140723_990_EO.mov,200,35,11.0003
20231117_140723_990_EO.mov,205,35,21.1825
20231117_140723_990_EO.mov,210,35,17.1943
20231117_140723_990_EO.mov,215,35,4.77768
20231117_140723_990_EO.mov,220,35,6.38483
20231117_140723_990_EO.mov,225,35,7.09182
20231117_140723_990_EO.mov,230,35,3.01714
20231117_140723_990_EO.mov,235,35,13.4302
20231117_140723_990_EO.mov,240,35,14.8162
20231117_140723_990_EO.mov,245,35,14.024
20231117_140723_990_EO.mov,250,35,7.63097
20231117_140723_990_EO.mov,255,35,8.00093
20231117_140723_990_EO.mov,260,35,9.07537
20231117_140723_990_EO.mov,265,35,9.74316
20231117_140723_990_EO.mov,270,35,6.67458
20231117_140723_990_EO.mov,275,35,5.93315
20231117_140723_990_EO.mov,280,35,16.2918
20231117_140723_990_EO.mov,285,35,12.1379
20231117_140723_990_EO.mov,290,35,5.84367
20231117_140723_990_EO.mov,295,35,3.81644
20231117_140723_990_EO.mov,300,35,9.73528
20231117_140723_990_EO.mov,305,35,3.97225
20231117_140723_990_EO.mov,310,35,12.3145
20231117_140723_990_EO.mov,315,35,3.32923
20231117_140723_990_EO.mov,320,35,5.47076
20231117_140723_990_EO.mov,325,35,6.8556
20231117_140723_990_EO.mov,330,35,3.5688
20231117_140723_990_EO.mov,335,35,6.26476
20231117_140723_990_EO.mov,340,35,7.09206
20231117_140723_990_EO.mov,345,35,5.7842
20231117_140723_990_EO.mov,350,35,2.05971
20231117_140723_990_EO.mov,355,35,4.20303
20231117_140723_990_EO.mov,360,35,4.33539
20231117_140723_990_EO.mov,365,35,6.70698
20231117_140723_990_EO.mov,370,35,4.21563
20231117_140723_990_EO.mov,375,35,5.24558
20231117_140723_990_EO.mov,380,35,5.95022
20231117_140723_990_EO.mov,385,35,2.03877
20231117_140723_990_EO.mov,390,35,2.33687
20231117_140723_990_EO.mov,395,35,5.72062
20231117_140723_990_EO.mov,400,35,6.16595
20231117_140723_990_EO.mov,405,35,3.3525
20231117_140723_990_EO.mov,410,35,8.6224
20231117_140723_990_EO.mov,415,35,3.53401
20231117_140723_990_EO.mov,420,35,5.05208
20231117_140723_990_EO.mov,425,35,2.66911
20231117_140723_990_EO.mov,430,35,4.32441
20231117_140723_990_EO.mov,435,35,2.26113
20231117_140723_990_EO.mov,440,35,7.58325

20231117_140723_990_EO.mov,0,40,4.84918
20231117_140723_990_EO.mov,5,40,9.10115
20231117_140723_990_EO.mov,10,40,2.55122
20231117_140723_990_EO.mov,15,40,2.78207
20231117_140723_990_EO.mov,20,40,7.05728
20231117_140723_990_EO.mov,25,40,10.3671
20231117_140723_990_EO.mov,30,40,12.4988
20231117_140723_990_EO.mov,35,40,10.3923
20231117_140723_990_EO.mov,40,40,6.04453
20231117_140723_990_EO.mov,45,40,6.89226
20231117_140723_990_EO.mov,50,40,6.18454
20231117_140723_990_EO.mov,55,40,7.91945
20231117_140723_990_EO.mov,60,40,3.57253
20231117_140723_990_EO.mov,65,40,10.0482
20231117_140723_990_EO.mov,70,40,7.65253
20231117_140723_990_EO.mov,75,40,6.22691
20231117_140723_990_EO.mov,80,40,6.54233
20231117_140723_990_EO.mov,85,40,1.06679
20231117_140723_990_EO.mov,90,40,3.11
20231117_140723_990_EO.mov,95,40,2.91227
20231117_140723_990_EO.mov,100,40,6.66317
20231117_140723_990_EO.mov,105,40,4.14433
20231117_140723_990_EO.mov,110,40,6.63506
20231117_140723_990_EO.mov,115,40,5.26412
20231117_140723_990_EO.mov,120,40,2.4793
20231117_140723_990_EO.mov,125,40,2.68897
20231117_140723_990_EO.mov,130,40,3.6903
20231117_140723_990_EO.mov,135,40,4.76974
20231117_140723_990_EO.mov,140,40,8.02748
20231117_140723_990_EO.mov,145,40,5.38508
20231117_140723_990_EO.mov,150,40,19.2582
20231117_140723_990_EO.mov,155,40,2.78666
20231117_140723_990_EO.mov,160,40,9.54024
20231117_140723_990_EO.mov,165,40,3.20562
20231117_140723_990_EO.mov,170,40,3.40127
20231117_140723_990_EO.mov,175,40,20.566
20231117_140723_990_EO.mov,180,40,8.8692
20231117_140723_990_EO.mov,185,40,4.54853
20231117_140723_990_EO.mov,190,40,6.73917
20231117_140723_990_EO.mov,195,40,11.3859
20231117_140723_990_EO.mov,200,40,12.0881
20231117_140723_990_EO.mov,205,40,20.9711
20231117_140723_990_EO.mov,210,40,18.5842
20231117_140723_990_EO.mov,215,40,7.00374
20231117_140723_990_EO.mov,220,40,7.44501
20231117_140723_990_EO.mov,225,40,9.39699
20231117_140723_990_EO.mov,230,40,3.05384
20231117_140723_990_EO.mov,235,40,17.1239
20231117_140723_990_EO.mov,240,40,13.9073
20231117_140723_990_EO.mov,245,40,14.057
20231117_140723_990_EO.mov,250,40,14.1629
20231117_140723_990_EO.mov,255,40,10.757
20231117_140723_990_EO.mov,260,40,12.9864
20231117_140723_990_EO.mov,265,40,12.624
20231117_140723_990_EO.mov,270,40,7.43294
20231117_140723_990_EO.mov,275,40,8.36635
20231117_140723_990_EO.mov,280,40,17.7231
20231117_140723_990_EO.mov,285,40,13.4674
20231117_140723_990_EO.mov,290,40,6.58808
20231117_140723_990_EO.mov,295,40,4.21617
20231117_140723_990_EO.mov,300,40,10.1754
20231117_140723_990_EO.mov,305,40,4.34958
20231117_140723_990_EO.mov,310,40,13.2014
20231117_140723_990_EO.mov,315,40,3.38431
20231117_140723_990_EO.mov,320,40,4.15807
20231117_140723_990_EO.mov,325,40,9.76879
20231117_140723_990_EO.mov,330,40,5.00404
20231117_140723_990_EO.mov,335,40,4.85175
20231117_140723_990_EO.mov,340,40,5.85181
20231117_140723_990_EO.mov,345,40,5.26924
20231117_140723_990_EO.mov,350,40,2.55684
20231117_140723_990_EO.mov,355,40,6.27378
20231117_140723_990_EO.mov,360,40,4.46928
20231117_140723_990_EO.mov,365,40,6.46165
20231117_140723_990_EO.mov,370,40,4.16772
20231117_140723_990_EO.mov,375,40,5.04455
20231117_140723_990_EO.mov,380,40,4.88332
20231117_140723_990_EO.mov,385,40,3.37664
20231117_140723_990_EO.mov,390,40,3.7076
20231117_140723_990_EO.mov,395,40,6.63254
20231117_140723_990_EO.mov,400,40,6.39925
20231117_140723_990_EO.mov,405,40,3.63632
20231117_140723_990_EO.mov,410,40,8.72431
20231117_140723_990_EO.mov,415,40,3.42489
20231117_140723_990_EO.mov,420,40,5.25279
20231117_140723_990_EO.mov,425,40,2.07909
20231117_140723_990_EO.mov,430,40,4.36221
20231117_140723_990_EO.mov,435,40,1.92668
20231117_140723_990_EO.mov,440,40,8.49833

20231117_140723_990_EO.mov,0,45,4.84918
20231117_140723_990_EO.mov,5,45,9.10115
20231117_140723_990_EO.mov,10,45,2.55122
20231117_140723_990_EO.mov,15,45,2.78207
20231117_140723_990_EO.mov,20,45,7.05728
20231117_140723_990_EO.mov,25,45,10.3671
20231117_140723_990_EO.mov,30,45,12.4988
20231117_140723_990_EO.mov,35,45,10.3923
20231117_140723_990_EO.mov,40,45,3.97851
20231117_140723_990_EO.mov,45,45,8.06175
20231117_140723_990_EO.mov,50,45,7.11868
20231117_140723_990_EO.mov,55,45,9.10209
20231117_140723_990_EO.mov,60,45,4.0259
20231117_140723_990_EO.mov,65,45,10.3775
20231117_140723_990_EO.mov,70,45,8.21348
20231117_140723_990_EO.mov,75,45,6.94078
20231117_140723_990_EO.mov,80,45,8.7496
20231117_140723_990_EO.mov,85,45,1.41963
20231117_140723_990_EO.mov,90,45,4.88286
20231117_140723_990_EO.mov,95,45,1.94888
20231117_140723_990_EO.mov,100,45,5.77272
20231117_140723_990_EO.mov,105,45,3.52988
20231117_140723_990_EO.mov,110,45,3.93059
20231117_140723_990_EO.mov,115,45,6.21521
20231117_140723_990_EO.mov,120,45,2.58602
20231117_140723_990_EO.mov,125,45,2.8707
20231117_140723_990_EO.mov,130,45,3.82329
20231117_140723_990_EO.mov,135,45,4.94253
20231117_140723_990_EO.mov,140,45,7.13175
20231117_140723_990_EO.mov,145,45,6.6778
20231117_140723_990_EO.mov,150,45,14.1645
20231117_140723_990_EO.mov,155,45,3.68843
20231117_140723_990_EO.mov,160,45,10.4572
20231117_140723_990_EO.mov,165,45,4.09768
20231117_140723_990_EO.mov,170,45,4.27657
20231117_140723_990_EO.mov,175,45,29.5171
20231117_140723_990_EO.mov,180,45,10.1513
20231117_140723_990_EO.mov,185,45,5.11567
20231117_140723_990_EO.mov,190,45,7.43983
20231117_140723_990_EO.mov,195,45,13.3981
20231117_140723_990_EO.mov,200,45,11.4739
20231117_140723_990_EO.mov,205,45,20.3098
20231117_140723_990_EO.mov,210,45,22.152
20231117_140723_990_EO.mov,215,45,8.16306
20231117_140723_990_EO.mov,220,45,9.4091
20231117_140723_990_EO.mov,225,45,7.68841
20231117_140723_990_EO.mov,230,45,2.20758
20231117_140723_990_EO.mov,235,45,17.1656
20231117_140723_990_EO.mov,240,45,18.9417
20231117_140723_990_EO.mov,245,45,16.1484
20231117_140723_990_EO.mov,250,45,18.4293
20231117_140723_990_EO.mov,255,45,10.666
20231117_140723_990_EO.mov,260,45,14.319
20231117_140723_990_EO.mov,265,45,12.7767
20231117_140723_990_EO.mov,270,45,7.87223
20231117_140723_990_EO.mov,275,45,7.19172
20231117_140723_990_EO.mov,280,45,14.8934
20231117_140723_990_EO.mov,285,45,10.9939
20231117_140723_990_EO.mov,290,45,5.03682
20231117_140723_990_EO.mov,295,45,6.25839
20231117_140723_990_EO.mov,300,45,10.2807
20231117_140723_990_EO.mov,305,45,6.77088
20231117_140723_990_EO.mov,310,45,9.20389
20231117_140723_990_EO.mov,315,45,3.84016
20231117_140723_990_EO.mov,320,45,6.91691
20231117_140723_990_EO.mov,325,45,8.76026
20231117_140723_990_EO.mov,330,45,5.10486
20231117_140723_990_EO.mov,335,45,7.52049
20231117_140723_990_EO.mov,340,45,8.6456
20231117_140723_990_EO.mov,345,45,7.48196
20231117_140723_990_EO.mov,350,45,2.56644
20231117_140723_990_EO.mov,355,45,9.49166
20231117_140723_990_EO.mov,360,45,4.88623
20231117_140723_990_EO.mov,365,45,6.86891
20231117_140723_990_EO.mov,370,45,4.69451
20231117_140723_990_EO.mov,375,45,5.85465
20231117_140723_990_EO.mov,380,45,5.24649
20231117_140723_990_EO.mov,385,45,3.88721
20231117_140723_990_EO.mov,390,45,4.25
20231117_140723_990_EO.mov,395,45,6.79156
20231117_140723_990_EO.mov,400,45,6.56954
20231117_140723_990_EO.mov,405,45,4.04481
20231117_140723_990_EO.mov,410,45,10.3305
20231117_140723_990_EO.mov,415,45,3.53536
20231117_140723_990_EO.mov,420,45,5.48416
20231117_140723_990_EO.mov,425,45,2.41452
20231117_140723_990_EO.mov,430,45,4.04018
20231117_140723_990_EO.mov,435,45,2.46107
20231117_140723_990_EO.mov,440,45,7.05193

20231117_140723_990_EO.mov,0,50,4.84918
20231117_140723_990_EO.mov,5,50,9.10115
20231117_140723_990_EO.mov,10,50,2.55122
20231117_140723_990_EO.mov,15,50,2.78207
20231117_140723_990_EO.mov,20,50,7.05728
20231117_140723_990_EO.mov,25,50,10.3671
20231117_140723_990_EO.mov,30,50,12.4988
20231117_140723_990_EO.mov,35,50,10.3923
20231117_140723_990_EO.mov,40,50,3.97851
20231117_140723_990_EO.mov,45,50,4.84471
20231117_140723_990_EO.mov,50,50,6.70848
20231117_140723_990_EO.mov,55,50,8.64358
20231117_140723_990_EO.mov,60,50,3.76916
20231117_140723_990_EO.mov,65,50,6.68267
20231117_140723_990_EO.mov,70,50,6.79426
20231117_140723_990_EO.mov,75,50,6.31509
20231117_140723_990_EO.mov,80,50,8.26468
20231117_140723_990_EO.mov,85,50,1.24588
20231117_140723_990_EO.mov,90,50,5.28294
20231117_140723_990_EO.mov,95,50,2.75939
20231117_140723_990_EO.mov,100,50,7.05948
20231117_140723_990_EO.mov,105,50,4.94862
20231117_140723_990_EO.mov,110,50,7.81416
20231117_140723_990_EO.mov,115,50,8.53843
20231117_140723_990_EO.mov,120,50,3.74099
20231117_140723_990_EO.mov,125,50,3.77706
20231117_140723_990_EO.mov,130,50,6.01621
20231117_140723_990_EO.mov,135,50,5.83105
20231117_140723_990_EO.mov,140,50,8.74274
20231117_140723_990_EO.mov,145,50,7.43452
20231117_140723_990_EO.mov,150,50,24.6733
20231117_140723_990_EO.mov,155,50,4.61975
20231117_140723_990_EO.mov,160,50,12.2938
20231117_140723_990_EO.mov,165,50,4.96384
20231117_140723_990_EO.mov,170,50,5.52802
20231117_140723_990_EO.mov,175,50,39.1202
20231117_140723_990_EO.mov,180,50,12.5595
20231117_140723_990_EO.mov,185,50,5.76243
20231117_140723_990_EO.mov,190,50,8.49912
20231117_140723_990_EO.mov,195,50,15.3074
20231117_140723_990_EO.mov,200,50,13.406
20231117_140723_990_EO.mov,205,50,22.5827
20231117_140723_990_EO.mov,210,50,20.119
20231117_140723_990_EO.mov,215,50,8.04884
20231117_140723_990_EO.mov,220,50,8.92774
20231117_140723_990_EO.mov,225,50,10.9447
20231117_140723_990_EO.mov,230,50,2.80649
20231117_140723_990_EO.mov,235,50,18.8256
20231117_140723_990_EO.mov,240,50,19.9434
20231117_140723_990_EO.mov,245,50,17.1681
20231117_140723_990_EO.mov,250,50,23.0865
20231117_140723_990_EO.mov,255,50,8.40728
20231117_140723_990_EO.mov,260,50,14.6613
20231117_140723_990_EO.mov,265,50,10.6772
20231117_140723_990_EO.mov,270,50,6.28731
20231117_140723_990_EO.mov,275,50,7.36487
20231117_140723_990_EO.mov,280,50,18.9509
20231117_140723_990_EO.mov,285,50,16.0479
20231117_140723_990_EO.mov,290,50,8.05443
20231117_140723_990_EO.mov,295,50,4.26883
20231117_140723_990_EO.mov,300,50,9.28616
20231117_140723_990_EO.mov,305,50,3.61336
20231117_140723_990_EO.mov,310,50,10.399
20231117_140723_990_EO.mov,315,50,3.35129
20231117_140723_990_EO.mov,320,50,3.60034
20231117_140723_990_EO.mov,325,50,5.93378
20231117_140723_990_EO.mov,330,50,2.34411
20231117_140723_990_EO.mov,335,50,3.61346
20231117_140723_990_EO.mov,340,50,4.18128
20231117_140723_990_EO.mov,345,50,5.18079
20231117_140723_990_EO.mov,350,50,2.33102
20231117_140723_990_EO.mov,355,50,4.55462
20231117_140723_990_EO.mov,360,50,4.69094
20231117_140723_990_EO.mov,365,50,6.37466
20231117_140723_990_EO.mov,370,50,4.64159
20231117_140723_990_EO.mov,375,50,6.46158
20231117_140723_990_EO.mov,380,50,7.46868
20231117_140723_990_EO.mov,385,50,3.83481
20231117_140723_990_EO.mov,390,50,4.08047
20231117_140723_990_EO.mov,395,50,9.25246
20231117_140723_990_EO.mov,400,50,7.24403
20231117_140723_990_EO.mov,405,50,4.33298
20231117_140723_990_EO.mov,410,50,9.50573
20231117_140723_990_EO.mov,415,50,3.35178
20231117_140723_990_EO.mov,420,50,5.70546
20231117_140723_990_EO.mov,425,50,1.74095
20231117_140723_990_EO.mov,430,50,4.72906
20231117_140723_990_EO.mov,435,50,1.75966
20231117_140723_990_EO.mov,440,50,7.81114

20231117_140723_990_EO.mov,0,100,4.84918
20231117_140723_990_EO.mov,5,100,9.10115
20231117_140723_990_EO.mov,10,100,2.55122
20231117_140723_990_EO.mov,15,100,2.78207
20231117_140723_990_EO.mov,20,100,7.05728
20231117_140723_990_EO.mov,25,100,10.3671
20231117_140723_990_EO.mov,30,100,12.4988
20231117_140723_990_EO.mov,35,100,10.3923
20231117_140723_990_EO.mov,40,100,3.97851
20231117_140723_990_EO.mov,45,100,4.84471
20231117_140723_990_EO.mov,50,100,5.34382
20231117_140723_990_EO.mov,55,100,6.90602
20231117_140723_990_EO.mov,60,100,3.03783
20231117_140723_990_EO.mov,65,100,8.62237
20231117_140723_990_EO.mov,70,100,6.86608
20231117_140723_990_EO.mov,75,100,4.95122
20231117_140723_990_EO.mov,80,100,6.49221
20231117_140723_990_EO.mov,85,100,1.35349
20231117_140723_990_EO.mov,90,100,4.26934
20231117_140723_990_EO.mov,95,100,2.40262
20231117_140723_990_EO.mov,100,100,7.44967
20231117_140723_990_EO.mov,105,100,5.38504
20231117_140723_990_EO.mov,110,100,7.51425
20231117_140723_990_EO.mov,115,100,9.10601
20231117_140723_990_EO.mov,120,100,4.1238
20231117_140723_990_EO.mov,125,100,4.11113
20231117_140723_990_EO.mov,130,100,6.51811
20231117_140723_990_EO.mov,135,100,6.14277
20231117_140723_990_EO.mov,140,100,9.1378
20231117_140723_990_EO.mov,145,100,7.94249
20231117_140723_990_EO.mov,150,100,17.1562
20231117_140723_990_EO.mov,155,100,4.96684
20231117_140723_990_EO.mov,160,100,12.6609
20231117_140723_990_EO.mov,165,100,5.58169
20231117_140723_990_EO.mov,170,100,5.57311
20231117_140723_990_EO.mov,175,100,32.1679
20231117_140723_990_EO.mov,180,100,12.6587
20231117_140723_990_EO.mov,185,100,7.18184
20231117_140723_990_EO.mov,190,100,9.82628
20231117_140723_990_EO.mov,195,100,17.1514
20231117_140723_990_EO.mov,200,100,14.6356
20231117_140723_990_EO.mov,205,100,23.9203
20231117_140723_990_EO.mov,210,100,21.263
20231117_140723_990_EO.mov,215,100,9.73553
20231117_140723_990_EO.mov,220,100,10.212
20231117_140723_990_EO.mov,225,100,12.1934
20231117_140723_990_EO.mov,230,100,2.66416
20231117_140723_990_EO.mov,235,100,20.0098
20231117_140723_990_EO.mov,240,100,21.426
20231117_140723_990_EO.mov,245,100,18.975
20231117_140723_990_EO.mov,250,100,20.0419
20231117_140723_990_EO.mov,255,100,14.4674
20231117_140723_990_EO.mov,260,100,15.3709
20231117_140723_990_EO.mov,265,100,16.0712
20231117_140723_990_EO.mov,270,100,10.3571
20231117_140723_990_EO.mov,275,100,12.0389
20231117_140723_990_EO.mov,280,100,25.2761
20231117_140723_990_EO.mov,285,100,18.4069
20231117_140723_990_EO.mov,290,100,6.22319
20231117_140723_990_EO.mov,295,100,11.4625
20231117_140723_990_EO.mov,300,100,9.90554
20231117_140723_990_EO.mov,305,100,4.60373
20231117_140723_990_EO.mov,310,100,10.4438
20231117_140723_990_EO.mov,315,100,3.92741
20231117_140723_990_EO.mov,320,100,4.40818
20231117_140723_990_EO.mov,325,100,6.48513
20231117_140723_990_EO.mov,330,100,2.88114
20231117_140723_990_EO.mov,335,100,4.59342
20231117_140723_990_EO.mov,340,100,5.16163
20231117_140723_990_EO.mov,345,100,6.17292
20231117_140723_990_EO.mov,350,100,2.25852
20231117_140723_990_EO.mov,355,100,5.52567
20231117_140723_990_EO.mov,360,100,5.64346
20231117_140723_990_EO.mov,365,100,6.11352
20231117_140723_990_EO.mov,370,100,5.55946
20231117_140723_990_EO.mov,375,100,6.65705
20231117_140723_990_EO.mov,380,100,6.27351
20231117_140723_990_EO.mov,385,100,4.96236
20231117_140723_990_EO.mov,390,100,5.3891
20231117_140723_990_EO.mov,395,100,8.77717
20231117_140723_990_EO.mov,400,100,7.46992
20231117_140723_990_EO.mov,405,100,4.81685
20231117_140723_990_EO.mov,410,100,10.1813
20231117_140723_990_EO.mov,415,100,4.00086
20231117_140723_990_EO.mov,420,100,6.13749
20231117_140723_990_EO.mov,425,100,2.08418
20231117_140723_990_EO.mov,430,100,4.80496
20231117_140723_990_EO.mov,435,100,2.38687
20231117_140723_990_EO.mov,440,100,8.38833

20231117_140723_990_EO.mov,0,200,4.84918
20231117_140723_990_EO.mov,5,200,9.10115
20231117_140723_990_EO.mov,10,200,2.55122
20231117_140723_990_EO.mov,15,200,2.78207
20231117_140723_990_EO.mov,20,200,7.05728
20231117_140723_990_EO.mov,25,200,10.3671
20231117_140723_990_EO.mov,30,200,12.4988
20231117_140723_990_EO.mov,35,200,10.3923
20231117_140723_990_EO.mov,40,200,3.97851
20231117_140723_990_EO.mov,45,200,4.84471
20231117_140723_990_EO.mov,50,200,5.34382
20231117_140723_990_EO.mov,55,200,6.90602
20231117_140723_990_EO.mov,60,200,3.03783
20231117_140723_990_EO.mov,65,200,8.62237
20231117_140723_990_EO.mov,70,200,6.86608
20231117_140723_990_EO.mov,75,200,4.95122
20231117_140723_990_EO.mov,80,200,6.49221
20231117_140723_990_EO.mov,85,200,1.35349
20231117_140723_990_EO.mov,90,200,4.26934
20231117_140723_990_EO.mov,95,200,2.40262
20231117_140723_990_EO.mov,100,200,6.8843
20231117_140723_990_EO.mov,105,200,4.2632
20231117_140723_990_EO.mov,110,200,7.55419
20231117_140723_990_EO.mov,115,200,6.57276
20231117_140723_990_EO.mov,120,200,2.97759
20231117_140723_990_EO.mov,125,200,2.95914
20231117_140723_990_EO.mov,130,200,4.33457
20231117_140723_990_EO.mov,135,200,4.96544
20231117_140723_990_EO.mov,140,200,6.96046
20231117_140723_990_EO.mov,145,200,6.36038
20231117_140723_990_EO.mov,150,200,11.3201
20231117_140723_990_EO.mov,155,200,3.28712
20231117_140723_990_EO.mov,160,200,9.75538
20231117_140723_990_EO.mov,165,200,3.61398
20231117_140723_990_EO.mov,170,200,4.06428
20231117_140723_990_EO.mov,175,200,23.9959
20231117_140723_990_EO.mov,180,200,8.88714
20231117_140723_990_EO.mov,185,200,5.31468
20231117_140723_990_EO.mov,190,200,8.40322
20231117_140723_990_EO.mov,195,200,13.8927
20231117_140723_990_EO.mov,200,200,15.5085
20231117_140723_990_EO.mov,205,200,25.1053
20231117_140723_990_EO.mov,210,200,22.2336
20231117_140723_990_EO.mov,215,200,10.817
20231117_140723_990_EO.mov,220,200,11.1364
20231117_140723_990_EO.mov,225,200,13.0452
20231117_140723_990_EO.mov,230,200,2.69796
20231117_140723_990_EO.mov,235,200,20.9841
20231117_140723_990_EO.mov,240,200,22.6666
20231117_140723_990_EO.mov,245,200,20.2301
20231117_140723_990_EO.mov,250,200,20.9991
20231117_140723_990_EO.mov,255,200,15.3419
20231117_140723_990_EO.mov,260,200,16.1289
20231117_140723_990_EO.mov,265,200,16.9177
20231117_140723_990_EO.mov,270,200,11.2866
20231117_140723_990_EO.mov,275,200,12.8458
20231117_140723_990_EO.mov,280,200,26.4529
20231117_140723_990_EO.mov,285,200,19.3276
20231117_140723_990_EO.mov,290,200,6.44926
20231117_140723_990_EO.mov,295,200,12.6562
20231117_140723_990_EO.mov,300,200,18.1868
20231117_140723_990_EO.mov,305,200,13.566
20231117_140723_990_EO.mov,310,200,20.127
20231117_140723_990_EO.mov,315,200,6.79965
20231117_140723_990_EO.mov,320,200,12.7234
20231117_140723_990_EO.mov,325,200,11.0556
20231117_140723_990_EO.mov,330,200,7.61262
20231117_140723_990_EO.mov,335,200,13.8337
20231117_140723_990_EO.mov,340,200,15.6644
20231117_140723_990_EO.mov,345,200,13.3378
20231117_140723_990_EO.mov,350,200,5.5317
20231117_140723_990_EO.mov,355,200,16.8436
20231117_140723_990_EO.mov,360,200,13.5205
20231117_140723_990_EO.mov,365,200,12.8904
20231117_140723_990_EO.mov,370,200,16.9226
20231117_140723_990_EO.mov,375,200,15.9116
20231117_140723_990_EO.mov,380,200,15.9653
20231117_140723_990_EO.mov,385,200,15.0562
20231117_140723_990_EO.mov,390,200,15.7055
20231117_140723_990_EO.mov,395,200,17.7119
20231117_140723_990_EO.mov,400,200,8.32234
20231117_140723_990_EO.mov,405,200,5.692
20231117_140723_990_EO.mov,410,200,10.8642
20231117_140723_990_EO.mov,415,200,4.61424
20231117_140723_990_EO.mov,420,200,6.91831
20231117_140723_990_EO.mov,425,200,2.35382
20231117_140723_990_EO.mov,430,200,5.27656
20231117_140723_990_EO.mov,435,200,2.91953
20231117_140723_990_EO.mov,440,200,9.38985

20231117_140723_990_EO.mov,0,0,4.84918
20231117_140723_990_EO.mov,5,0,9.10115
20231117_140723_990_EO.mov,10,0,2.55122
20231117_140723_990_EO.mov,15,0,2.78207
20231117_140723_990_EO.mov,20,0,7.05728
20231117_140723_990_EO.mov,25,0,10.3671
20231117_140723_990_EO.mov,30,0,12.4988
20231117_140723_990_EO.mov,35,0,10.3923
20231117_140723_990_EO.mov,40,0,3.97851
20231117_140723_990_EO.mov,45,0,4.84471
20231117_140723_990_EO.mov,50,0,5.34382
20231117_140723_990_EO.mov,55,0,6.90602
20231117_140723_990_EO.mov,60,0,3.03783
20231117_140723_990_EO.mov,65,0,8.62237
20231117_140723_990_EO.mov,70,0,6.86608
20231117_140723_990_EO.mov,75,0,4.95122
20231117_140723_990_EO.mov,80,0,6.49221
20231117_140723_990_EO.mov,85,0,1.35349
20231117_140723_990_EO.mov,90,0,4.26934
20231117_140723_990_EO.mov,95,0,2.40262
20231117_140723_990_EO.mov,100,0,6.8843
20231117_140723_990_EO.mov,105,0,4.2632
20231117_140723_990_EO.mov,110,0,7.55419
20231117_140723_990_EO.mov,115,0,6.57276
20231117_140723_990_EO.mov,120,0,2.97759
20231117_140723_990_EO.mov,125,0,2.95914
20231117_140723_990_EO.mov,130,0,4.33457
20231117_140723_990_EO.mov,135,0,4.96544
20231117_140723_990_EO.mov,140,0,6.96046
20231117_140723_990_EO.mov,145,0,6.36038
20231117_140723_990_EO.mov,150,0,11.3201
20231117_140723_990_EO.mov,155,0,3.28712
20231117_140723_990_EO.mov,160,0,9.75538
20231117_140723_990_EO.mov,165,0,3.61398
20231117_140723_990_EO.mov,170,0,4.06428
20231117_140723_990_EO.mov,175,0,23.9959
20231117_140723_990_EO.mov,180,0,8.88714
20231117_140723_990_EO.mov,185,0,5.31468
20231117_140723_990_EO.mov,190,0,8.40322
20231117_140723_990_EO.mov,195,0,13.8927
20231117_140723_990_EO.mov,200,0,12.2365
20231117_140723_990_EO.mov,205,0,20.2182
20231117_140723_990_EO.mov,210,0,19.1218
20231117_140723_990_EO.mov,215,0,6.92249
20231117_140723_990_EO.mov,220,0,9.10293
20231117_140723_990_EO.mov,225,0,10.238
20231117_140723_990_EO.mov,230,0,2.88285
20231117_140723_990_EO.mov,235,0,15.8459
20231117_140723_990_EO.mov,240,0,15.5429
20231117_140723_990_EO.mov,245,0,18.6976
20231117_140723_990_EO.mov,250,0,18.2733
20231117_140723_990_EO.mov,255,0,13.0387
20231117_140723_990_EO.mov,260,0,15.5065
20231117_140723_990_EO.mov,265,0,14.9624
20231117_140723_990_EO.mov,270,0,10.7921
20231117_140723_990_EO.mov,275,0,10.3631
20231117_140723_990_EO.mov,280,0,19.4374
20231117_140723_990_EO.mov,285,0,17.5282
20231117_140723_990_EO.mov,290,0,6.37723
20231117_140723_990_EO.mov,295,0,8.13485
20231117_140723_990_EO.mov,300,0,15.2929
20231117_140723_990_EO.mov,305,0,8.82827
20231117_140723_990_EO.mov,310,0,16.2744
20231117_140723_990_EO.mov,315,0,5.83722
20231117_140723_990_EO.mov,320,0,7.60105
20231117_140723_990_EO.mov,325,0,10.3126
20231117_140723_990_EO.mov,330,0,5.61854
20231117_140723_990_EO.mov,335,0,8.76918
20231117_140723_990_EO.mov,340,0,9.88002
20231117_140723_990_EO.mov,345,0,8.31581
20231117_140723_990_EO.mov,350,0,4.60271
20231117_140723_990_EO.mov,355,0,10.4509
20231117_140723_990_EO.mov,360,0,9.65032
20231117_140723_990_EO.mov,365,0,11.4255
20231117_140723_990_EO.mov,370,0,10.7036
20231117_140723_990_EO.mov,375,0,10.9058
20231117_140723_990_EO.mov,380,0,9.15091
20231117_140723_990_EO.mov,385,0,9.2458
20231117_140723_990_EO.mov,390,0,9.63892
20231117_140723_990_EO.mov,395,0,12.6372
20231117_140723_990_EO.mov,400,0,9.71002
20231117_140723_990_EO.mov,405,0,8.49103
20231117_140723_990_EO.mov,410,0,17.8646
20231117_140723_990_EO.mov,415,0,10.0009
20231117_140723_990_EO.mov,420,0,9.95577
20231117_140723_990_EO.mov,425,0,5.35881
20231117_140723_990_EO.mov,430,0,6.82005
20231117_140723_990_EO.mov,435,0,7.5734
20231117_140723_990_EO.mov,440,0,12.2167
