Image_Name,Image_Size,Feature_Count,Feature_MSE_Error
2024-07-10_15-38-54,320*240,213,12.217
2024-07-10_15-40-03,320*240,248,6.96872
2024-07-10_15-40-53,320*240,199,1.4373
2024-07-10_15-41-46,320*240,233,1.5179
2024-07-10_15-43-03,320*240,93,18.967
2024-07-10_15-43-56,320*240,151,0.24473
2024-07-10_15-44-58,320*240,113,30.4925
2024-07-10_15-48-15,320*240,103,3.63043
2024-07-10_15-50-55,320*240,91,15.3501
2024-07-10_15-51-21,320*240,63,31.2304
2024-07-10_15-51-45,320*240,68,12.9943
2024-07-10_15-51-48,320*240,65,16.3969
2024-07-10_15-52-36,320*240,79,2.17578
2024-07-10_15-52-37,320*240,82,6.7948
2024-07-10_15-53-12,320*240,110,9.39891
2024-07-10_15-54-07,320*240,113,14.7468
2024-07-11_14-02-35,320*240,318,4.84904
2024-07-11_14-03-31,320*240,248,4.74861
2024-07-11_14-04-22,320*240,319,7.26254
2024-07-11_14-05-35,320*240,162,17.2882
2024-07-11_14-06-07,320*240,183,1.17712
2024-07-11_14-10-53,320*240,400,2.61056
2024-07-11_14-12-14,320*240,228,28.306
2024-07-11_14-13-12,320*240,216,15.6493
2024-07-11_14-13-51,320*240,165,8.49555
2024-07-11_14-14-24,320*240,160,23.8202
2024-07-11_14-15-08,320*240,148,26.3073
2024-07-11_14-16-32,320*240,182,14.6847
2024-07-11_14-17-18,320*240,186,4.90995
2024-07-11_14-17-59,320*240,186,0.948085
2024-07-11_14-18-28,320*240,162,5.94773
2024-07-11_14-19-12,320*240,135,6.80743
