Image_Name,Feature_MSE_Error
2024-07-11_14-16-32,    8.64763
2024-07-11_14-14-24,    18.2144
2024-07-10_15-40-03,    2.06516
2024-07-10_15-51-48,    5.88928
2024-07-10_15-52-36,    2.34633
2024-07-10_15-43-56,    0.721122
2024-07-11_14-12-14,    28.8944
2024-07-11_14-19-12,    17.8951
2024-07-10_15-44-58,    16.7255
2024-07-11_14-02-35,    6.96765
2024-07-11_14-10-53,    6.35459
2024-07-10_15-40-53,    1.03462
2024-07-10_15-54-07,    13.1015
2024-07-11_14-13-12,    8.02461
2024-07-11_14-05-35,    12.3764
2024-07-11_14-17-18,    4.09539
2024-07-10_15-53-12,    9.75101
2024-07-11_14-06-07,    3.31827
2024-07-10_15-51-45,    11.1846
2024-07-10_15-38-54,    21.2232
2024-07-10_15-51-21,    3.94858
2024-07-11_14-04-22,    9.46531
2024-07-11_14-17-59,    3.5982
2024-07-10_15-52-37,    4.3216
2024-07-10_15-50-55,    15.3409
2024-07-10_15-48-15,    13.5109
2024-07-10_15-43-03,    1.1519
2024-07-11_14-15-08,    17.1899
2024-07-11_14-13-51,    4.35633
2024-07-11_14-18-28,    13.7437
2024-07-10_15-41-46,    6.34425
2024-07-11_14-03-31,    4.56943
